,Review_title,Review_body,Review_rating,Review_date,em_t,em_b,cl_t,cl_b,l_date_time,Product_url
0,I got it at 499... happy to gift it to my inlaw,  I am happy,4.0,2020-12-08,I got it at 499... happy to gift it to my inlaw,I am happy,got 499 happi gift inlaw ,happi ,2020-12-10 17:15:47.846405,https://www.amazon.in/Cello-Non-Stick-Cavity-Appam-Stainless/dp/B08DRBCPBM/ref=cm_cr_arp_d_product_top?ie=UTF8
1,Ok,  Ok,4.0,2020-12-07,Ok,Ok,ok ,ok ,2020-12-10 17:15:47.846405,https://www.amazon.in/Cello-Non-Stick-Cavity-Appam-Stainless/dp/B08DRBCPBM/ref=cm_cr_arp_d_product_top?ie=UTF8
2,"Low quality product, will not recommend",  Product came damaged with with a dent on the cover.Did not like the product as it was very light weight. Did not look like a genuine Cello product.Also without handle it will be difficult to handle on gas.Bad quality.  Will not recommend.,1.0,2020-12-07,"Low quality product, will not recommend",Product came damaged with with a dent on the cover.Did not like the product as it was very light weight. Did not look like a genuine Cello product.Also without handle it will be difficult to handle on gas.Bad quality. Will not recommend.,low qualiti product recommend ,product came damag dent coverdid like product light weight look like genuin cello productalso without handl difficult handl gasbad qualiti recommend ,2020-12-10 17:15:47.846405,https://www.amazon.in/Cello-Non-Stick-Cavity-Appam-Stainless/dp/B08DRBCPBM/ref=cm_cr_arp_d_product_top?ie=UTF8
3,Poor quality,  Not suggested. Material sub standard,1.0,2020-12-07,Poor quality,Not suggested. Material sub standard,poor qualiti ,suggest materi sub standard ,2020-12-10 17:15:47.846405,https://www.amazon.in/Cello-Non-Stick-Cavity-Appam-Stainless/dp/B08DRBCPBM/ref=cm_cr_arp_d_product_top?ie=UTF8
4,Nice colection,  I like this product this useful product,4.0,2020-12-06,Nice colection,I like this product this useful product,nice colect ,like product use product ,2020-12-10 17:15:47.846405,https://www.amazon.in/Cello-Non-Stick-Cavity-Appam-Stainless/dp/B08DRBCPBM/ref=cm_cr_arp_d_product_top?ie=UTF8
5,OK,  OK,4.0,2020-12-05,OK,OK,ok ,ok ,2020-12-10 17:15:47.846405,https://www.amazon.in/Cello-Non-Stick-Cavity-Appam-Stainless/dp/B08DRBCPBM/ref=cm_cr_arp_d_product_top?ie=UTF8
6,Not good,"  After some days, non stick coating diasappers n seems very sticky.",1.0,2020-12-03,Not good,"After some days, non stick coating diasappers n seems very sticky.",good ,day non stick coat diasapp n seem sticki ,2020-12-10 17:15:47.846405,https://www.amazon.in/Cello-Non-Stick-Cavity-Appam-Stainless/dp/B08DRBCPBM/ref=cm_cr_arp_d_product_top?ie=UTF8
7,amazing,  value for money,4.0,2020-12-03,amazing,value for money,amaz ,valu money ,2020-12-10 17:15:47.846405,https://www.amazon.in/Cello-Non-Stick-Cavity-Appam-Stainless/dp/B08DRBCPBM/ref=cm_cr_arp_d_product_top?ie=UTF8
8,Good Product,  Satisfied with its build qualtiyUsed it several times so far totally satisfied,0.0,2020-12-01,Good Product,Satisfied with its build qualtiyUsed it several times so far totally satisfied,good product ,satisfi build qualtiyus sever time far total satisfi ,2020-12-10 17:15:47.846405,https://www.amazon.in/Cello-Non-Stick-Cavity-Appam-Stainless/dp/B08DRBCPBM/ref=cm_cr_arp_d_product_top?ie=UTF8
9,Very nice product,  Loved it .üÜó‚ô•Ô∏è‚ô•Ô∏èMade this unniyappam üòÄ,0.0,2020-11-30,Very nice product,Loved it this unniyappam,nice product ,love unniyappam ,2020-12-10 17:15:47.846405,https://www.amazon.in/Cello-Non-Stick-Cavity-Appam-Stainless/dp/B08DRBCPBM/ref=cm_cr_arp_d_product_top?ie=UTF8
10,Steel cover,  You need to correct the cover ... For packaging the handle of the cover is inside which can be opened on rotating it and overall a good product it is,0.0,2020-11-29,Steel cover,You need to correct the cover ... For packaging the handle of the cover is inside which can be opened on rotating it and overall a good product it is,steel cover ,need correct cover packag handl cover insid open rotat overal good product ,2020-12-10 17:15:47.846405,https://www.amazon.in/Cello-Non-Stick-Cavity-Appam-Stainless/dp/B08DRBCPBM/ref=cm_cr_arp_d_product_top?ie=UTF8
11,Good,  OK,3.0,2020-11-29,Good,OK,good ,ok ,2020-12-10 17:15:47.846405,https://www.amazon.in/Cello-Non-Stick-Cavity-Appam-Stainless/dp/B08DRBCPBM/ref=cm_cr_arp_d_product_top?ie=UTF8
12,Less in weight 899 Display but pan weight get less then 500grms,  Display Given Pan weight 899 Gram But Product received low cheap weight was 470 gram Okay Aft first replacement i recv samw weight pan 470 Gram in place of 889 Gram ... after reminder with damage Pic.... its wasted my Time.... Display show one deliver different one.... Thanks,1.0,2020-11-28,Less in weight 899 Display but pan weight get less then 500grms,Display Given Pan weight 899 Gram But Product received low cheap weight was 470 gram Okay Aft first replacement i recv samw weight pan 470 Gram in place of 889 Gram ... after reminder with damage Pic.... its wasted my Time.... Display show one deliver different one.... Thanks,less weight 899 display pan weight get less 500grms ,display given pan weight 899 gram product receiv low cheap weight 470 gram okay aft first replac recv samw weight pan 470 gram place 889 gram remind damag pic wast time display show one deliv differ one thank ,2020-12-10 17:15:47.846405,https://www.amazon.in/Cello-Non-Stick-Cavity-Appam-Stainless/dp/B08DRBCPBM/ref=cm_cr_arp_d_product_top?ie=UTF8
13,Good product,  Good,4.0,2020-11-28,Good product,Good,good product ,good ,2020-12-10 17:15:47.846405,https://www.amazon.in/Cello-Non-Stick-Cavity-Appam-Stainless/dp/B08DRBCPBM/ref=cm_cr_arp_d_product_top?ie=UTF8
14,Ok-ok,"  Product is good price and look wise but got discoloured after one wash, Added photo of same.",4.0,2020-11-28,Ok-ok,"Product is good price and look wise but got discoloured after one wash, Added photo of same.",okok ,product good price look wise got discolour one wash ad photo ,2020-12-10 17:15:47.846405,https://www.amazon.in/Cello-Non-Stick-Cavity-Appam-Stainless/dp/B08DRBCPBM/ref=cm_cr_arp_d_product_top?ie=UTF8
15,Orginal Pan,"  Nothing to complain about . Orginal Cello product. Superb quality.It's very lite weight , that's can be simply wave with your fingers.üòÖWe tried making 'Unniyappam' it came out very good. Non stick works perfectly.Surely recommend. Go for it",0.0,2020-11-27,Orginal Pan,"Nothing to complain about . Orginal Cello product. Superb quality.It's very lite weight , that's can be simply wave with your tried making 'Unniyappam' it came out very good. Non stick works perfectly.Surely recommend. Go for it",orgin pan ,noth complain orgin cello product superb qualityit lite weight that simpli wave tri make unniyappam came good non stick work perfectlysur recommend go ,2020-12-10 17:15:47.846405,https://www.amazon.in/Cello-Non-Stick-Cavity-Appam-Stainless/dp/B08DRBCPBM/ref=cm_cr_arp_d_product_top?ie=UTF8
16,Average product,  I've used to make ponganalu. Pan is very light weight and the lid is very delicate. Ponganalu in middle cups of the pan are getting cooked very soon and which are in side cups are not being cooked. Heat is not evenly spreading.,3.0,2020-11-26,Average product,I've used to make ponganalu. Pan is very light weight and the lid is very delicate. Ponganalu in middle cups of the pan are getting cooked very soon and which are in side cups are not being cooked. Heat is not evenly spreading.,averag product ,ive use make ponganalu pan light weight lid delic ponganalu middl cup pan get cook soon side cup cook heat even spread ,2020-12-10 17:15:47.846405,https://www.amazon.in/Cello-Non-Stick-Cavity-Appam-Stainless/dp/B08DRBCPBM/ref=cm_cr_arp_d_product_top?ie=UTF8
17,Must be use,  Good to buy... It's worthy,4.0,2020-11-25,Must be use,Good to buy... It's worthy,must use ,good buy worthi ,2020-12-10 17:15:47.846405,https://www.amazon.in/Cello-Non-Stick-Cavity-Appam-Stainless/dp/B08DRBCPBM/ref=cm_cr_arp_d_product_top?ie=UTF8
18,Wrong information about items weight,  Dislike,1.0,2020-11-24,Wrong information about items weight,Dislike,wrong inform item weight ,dislik ,2020-12-10 17:15:47.846405,https://www.amazon.in/Cello-Non-Stick-Cavity-Appam-Stainless/dp/B08DRBCPBM/ref=cm_cr_arp_d_product_top?ie=UTF8
19,Do research for other brands as it does not have plastic handle,"  There is no way to hold it with hands as there is a handle that is non stick without plastic handle like all other pans will usually have, not expected this from Cello. The price is expensive, not worth the money.",3.0,2020-11-21,Do research for other brands as it does not have plastic handle,"There is no way to hold it with hands as there is a handle that is non stick without plastic handle like all other pans will usually have, not expected this from Cello. The price is expensive, not worth the money.",research brand plastic handl ,way hold hand handl non stick without plastic handl like pan usual expect cello price expens worth money ,2020-12-10 17:15:47.846405,https://www.amazon.in/Cello-Non-Stick-Cavity-Appam-Stainless/dp/B08DRBCPBM/ref=cm_cr_arp_d_product_top?ie=UTF8
20,Good product,  Good one to buy,0.0,2020-11-21,Good product,Good one to buy,good product ,good one buy ,2020-12-10 17:15:47.846405,https://www.amazon.in/Cello-Non-Stick-Cavity-Appam-Stainless/dp/B08DRBCPBM/ref=cm_cr_arp_d_product_top?ie=UTF8
21,Owsemmmmm,"  Very nice product and thinkness is quite good, very impresses.Surly go with this product",0.0,2020-11-20,Owsemmmmm,"Very nice product and thinkness is quite good, very impresses.Surly go with this product",owsemmmmm ,nice product think quit good impressessur go product ,2020-12-10 17:15:47.846405,https://www.amazon.in/Cello-Non-Stick-Cavity-Appam-Stainless/dp/B08DRBCPBM/ref=cm_cr_arp_d_product_top?ie=UTF8
22,Good one,  Product is good and worthful but it is little bit damage one and polish is also damaged. If quality is get improved I will recommend this. Not too bad,3.0,2020-11-20,Good one,Product is good and worthful but it is little bit damage one and polish is also damaged. If quality is get improved I will recommend this. Not too bad,good one ,product good worth littl bit damag one polish also damag qualiti get improv recommend bad ,2020-12-10 17:15:47.846405,https://www.amazon.in/Cello-Non-Stick-Cavity-Appam-Stainless/dp/B08DRBCPBM/ref=cm_cr_arp_d_product_top?ie=UTF8
23,Nice product,  This product is nice. Easy to use.,0.0,2020-11-17,Nice product,This product is nice. Easy to use.,nice product ,product nice easi use ,2020-12-10 17:15:47.846405,https://www.amazon.in/Cello-Non-Stick-Cavity-Appam-Stainless/dp/B08DRBCPBM/ref=cm_cr_arp_d_product_top?ie=UTF8
24,Very good,  Too good..,0.0,2020-11-16,Very good,Too good..,good ,good ,2020-12-10 17:15:47.846405,https://www.amazon.in/Cello-Non-Stick-Cavity-Appam-Stainless/dp/B08DRBCPBM/ref=cm_cr_arp_d_product_top?ie=UTF8
25,Wastage of money..!,  Product looks like a local product.Quality is very cheapProduct found in damage condition,1.0,2020-11-16,Wastage of money..!,Product looks like a local product.Quality is very cheapProduct found in damage condition,wastag money ,product look like local productqu cheapproduct found damag condit ,2020-12-10 17:15:47.846405,https://www.amazon.in/Cello-Non-Stick-Cavity-Appam-Stainless/dp/B08DRBCPBM/ref=cm_cr_arp_d_product_top?ie=UTF8
26,Good,  Nice product,4.0,2020-11-16,Good,Nice product,good ,nice product ,2020-12-10 17:15:47.846405,https://www.amazon.in/Cello-Non-Stick-Cavity-Appam-Stainless/dp/B08DRBCPBM/ref=cm_cr_arp_d_product_top?ie=UTF8
27,Average,"  Very light pan,Expected better.",3.0,2020-11-15,Average,"Very light pan,Expected better.",averag ,light panexpect better ,2020-12-10 17:15:47.846405,https://www.amazon.in/Cello-Non-Stick-Cavity-Appam-Stainless/dp/B08DRBCPBM/ref=cm_cr_arp_d_product_top?ie=UTF8
28,Exactly bas shown in picture,  Perfect to make appe,0.0,2020-11-15,Exactly bas shown in picture,Perfect to make appe,exact bas shown pictur ,perfect make app ,2020-12-10 17:15:47.846405,https://www.amazon.in/Cello-Non-Stick-Cavity-Appam-Stainless/dp/B08DRBCPBM/ref=cm_cr_arp_d_product_top?ie=UTF8
29,Very light weight. Not value for money,  I got a defective product from seller. Very light weight product. Not worth for money. Lots of models are available from 300 only.,3.0,2020-11-12,Very light weight. Not value for money,I got a defective product from seller. Very light weight product. Not worth for money. Lots of models are available from 300 only.,light weight valu money ,got defect product seller light weight product worth money lot model avail 300 ,2020-12-10 17:15:47.846405,https://www.amazon.in/Cello-Non-Stick-Cavity-Appam-Stainless/dp/B08DRBCPBM/ref=cm_cr_arp_d_product_top?ie=UTF8
30,Appam patra,  Good quality product,0.0,2020-11-08,Appam patra,Good quality product,appam patra ,good qualiti product ,2020-12-10 17:15:47.846405,https://www.amazon.in/Cello-Non-Stick-Cavity-Appam-Stainless/dp/B08DRBCPBM/ref=cm_cr_arp_d_product_top?ie=UTF8
31,Item weight is less than website product details.,"  As per website, Item Weight is 899 g but actual item weight that I have received is 523 gram (Appam with lid 406 gram + packing material 117 gram).",1.0,2020-11-08,Item weight is less than website product details.,"As per website, Item Weight is 899 g but actual item weight that I have received is 523 gram (Appam with lid 406 gram + packing material 117 gram).",item weight less websit product detail ,per websit item weight 899 g actual item weight receiv 523 gram appam lid 406 gram pack materi 117 gram ,2020-12-10 17:15:47.846405,https://www.amazon.in/Cello-Non-Stick-Cavity-Appam-Stainless/dp/B08DRBCPBM/ref=cm_cr_arp_d_product_top?ie=UTF8
32,Not good,  Not easy to hold ..quality is not good as it should be,2.0,2020-11-07,Not good,Not easy to hold ..quality is not good as it should be,good ,easi hold qualiti good ,2020-12-10 17:15:47.846405,https://www.amazon.in/Cello-Non-Stick-Cavity-Appam-Stainless/dp/B08DRBCPBM/ref=cm_cr_arp_d_product_top?ie=UTF8
33,value for money,  Good product,4.0,2020-11-07,value for money,Good product,valu money ,good product ,2020-12-10 17:15:47.846405,https://www.amazon.in/Cello-Non-Stick-Cavity-Appam-Stainless/dp/B08DRBCPBM/ref=cm_cr_arp_d_product_top?ie=UTF8
34,Nice product,"  Lightweight, easy to handle,appam cooks very fast",0.0,2020-11-06,Nice product,"Lightweight, easy to handle,appam cooks very fast",nice product ,lightweight easi handleappam cook fast ,2020-12-10 17:15:47.846405,https://www.amazon.in/Cello-Non-Stick-Cavity-Appam-Stainless/dp/B08DRBCPBM/ref=cm_cr_arp_d_product_top?ie=UTF8
35,Satisfied,  Really nice product..non stick paniyaram pan... Recommendedüòäüëç,0.0,2020-11-06,Satisfied,Really nice product..non stick paniyaram pan...,satisfi ,realli nice productnon stick paniyaram pan ,2020-12-10 17:15:47.846405,https://www.amazon.in/Cello-Non-Stick-Cavity-Appam-Stainless/dp/B08DRBCPBM/ref=cm_cr_arp_d_product_top?ie=UTF8
36,Nice,  Good but small,4.0,2020-11-06,Nice,Good but small,nice ,good small ,2020-12-10 17:15:47.846405,https://www.amazon.in/Cello-Non-Stick-Cavity-Appam-Stainless/dp/B08DRBCPBM/ref=cm_cr_arp_d_product_top?ie=UTF8
37,Looks sturdy,  Will edit and give full feedback in a while. Looks good as of now.,0.0,2020-11-05,Looks sturdy,Will edit and give full feedback in a while. Looks good as of now.,look sturdi ,edit give full feedback look good ,2020-12-10 17:15:47.846405,https://www.amazon.in/Cello-Non-Stick-Cavity-Appam-Stainless/dp/B08DRBCPBM/ref=cm_cr_arp_d_product_top?ie=UTF8
38,And delivery service very wrost,  Damage item received,1.0,2020-11-04,And delivery service very wrost,Damage item received,deliveri servic wrost ,damag item receiv ,2020-12-10 17:15:47.846405,https://www.amazon.in/Cello-Non-Stick-Cavity-Appam-Stainless/dp/B08DRBCPBM/ref=cm_cr_arp_d_product_top?ie=UTF8
39,Thank you Amazon,"  Like, value for money.",3.0,2020-11-04,Thank you Amazon,"Like, value for money.",thank amazon ,like valu money ,2020-12-10 17:15:47.846405,https://www.amazon.in/Cello-Non-Stick-Cavity-Appam-Stainless/dp/B08DRBCPBM/ref=cm_cr_arp_d_product_top?ie=UTF8
40,Not good,  In picture it show with handal but come without handal lid is s very poor quality,1.0,2020-11-02,Not good,In picture it show with handal but come without handal lid is s very poor quality,good ,pictur show handal come without handal lid poor qualiti ,2020-12-10 17:15:47.846405,https://www.amazon.in/Cello-Non-Stick-Cavity-Appam-Stainless/dp/B08DRBCPBM/ref=cm_cr_arp_d_product_top?ie=UTF8
41,Best Buy,  Good product. Easy to clean also,0.0,2020-11-02,Best Buy,Good product. Easy to clean also,best buy ,good product easi clean also ,2020-12-10 17:15:47.846405,https://www.amazon.in/Cello-Non-Stick-Cavity-Appam-Stainless/dp/B08DRBCPBM/ref=cm_cr_arp_d_product_top?ie=UTF8
42,Nice!,  The product is quite good!,4.0,2020-10-31,Nice!,The product is quite good!,nice ,product quit good ,2020-12-10 17:15:47.846405,https://www.amazon.in/Cello-Non-Stick-Cavity-Appam-Stainless/dp/B08DRBCPBM/ref=cm_cr_arp_d_product_top?ie=UTF8
43,Best quality very good,  Very good product,0.0,2020-10-31,Best quality very good,Very good product,best qualiti good ,good product ,2020-12-10 17:15:47.846405,https://www.amazon.in/Cello-Non-Stick-Cavity-Appam-Stainless/dp/B08DRBCPBM/ref=cm_cr_arp_d_product_top?ie=UTF8
44,Cello appe stand,  I like this product because it's thickness is good due to this appe become good and tasty.,0.0,2020-10-31,Cello appe stand,I like this product because it's thickness is good due to this appe become good and tasty.,cello app stand ,like product thick good due app becom good tasti ,2020-12-10 17:15:47.846405,https://www.amazon.in/Cello-Non-Stick-Cavity-Appam-Stainless/dp/B08DRBCPBM/ref=cm_cr_arp_d_product_top?ie=UTF8
45,non stick,  used multiple times without applying oil. too good,0.0,2020-10-31,non stick,used multiple times without applying oil. too good,non stick ,use multipl time without appli oil good ,2020-12-10 17:15:47.846405,https://www.amazon.in/Cello-Non-Stick-Cavity-Appam-Stainless/dp/B08DRBCPBM/ref=cm_cr_arp_d_product_top?ie=UTF8
46,Thumbs Up,  Great,4.0,2020-10-31,Thumbs Up,Great,thumb ,great ,2020-12-10 17:15:47.846405,https://www.amazon.in/Cello-Non-Stick-Cavity-Appam-Stainless/dp/B08DRBCPBM/ref=cm_cr_arp_d_product_top?ie=UTF8
47,Value for money,  Very good and useful,4.0,2020-10-31,Value for money,Very good and useful,valu money ,good use ,2020-12-10 17:15:47.846405,https://www.amazon.in/Cello-Non-Stick-Cavity-Appam-Stainless/dp/B08DRBCPBM/ref=cm_cr_arp_d_product_top?ie=UTF8
48,Good,  I like this product üëåüëçüëç,4.0,2020-10-30,Good,I like this product,good ,like product ,2020-12-10 17:15:47.846405,https://www.amazon.in/Cello-Non-Stick-Cavity-Appam-Stainless/dp/B08DRBCPBM/ref=cm_cr_arp_d_product_top?ie=UTF8
49,Value of money,  Nice product for this PriceHappy for this deal.Value of money,0.0,2020-10-30,Value of money,Nice product for this PriceHappy for this deal.Value of money,valu money ,nice product pricehappi dealvalu money ,2020-12-10 17:15:47.846405,https://www.amazon.in/Cello-Non-Stick-Cavity-Appam-Stainless/dp/B08DRBCPBM/ref=cm_cr_arp_d_product_top?ie=UTF8
50,Nice Appam,  Nice,4.0,2020-10-29,Nice Appam,Nice,nice appam ,nice ,2020-12-10 17:15:47.846405,https://www.amazon.in/Cello-Non-Stick-Cavity-Appam-Stainless/dp/B08DRBCPBM/ref=cm_cr_arp_d_product_top?ie=UTF8
51,extremely low weight,"  Is a product of extremely low weight. I am also an old customer. This seller's Appam does not look real ,According to brand trust.Amazon should be aware of this mess.",1.0,2020-10-29,extremely low weight,"Is a product of extremely low weight. I am also an old customer. This seller's Appam does not look real ,According to brand trust.Amazon should be aware of this mess.",extrem low weight ,product extrem low weight also old custom seller appam look real accord brand trustamazon awar mess ,2020-12-10 17:15:47.846405,https://www.amazon.in/Cello-Non-Stick-Cavity-Appam-Stainless/dp/B08DRBCPBM/ref=cm_cr_arp_d_product_top?ie=UTF8
52,‡§¢‡§ï‡•ç‡§ï‡§® ‡§¨‡§π‡•Å‡§§ ‡§™‡§§‡§≤‡§æ ‡§π‡•à ‡§î‡§∞ ‡§ú‡§ó‡§π ‡§ú‡§ó‡§π ‡§™‡§∞ ‡§ö‡§ø‡§™‡§ï‡§æ ‡§Æ‡•Å‡§ù‡•á ‡§™‡•ç‡§∞‡§æ‡§™‡•ç‡§§ ‡§π‡•Å‡§Ü ‡•§‡•§‡•§‡•§‡•§,  Product is well . ‡§≤‡•á‡§ï‡§ø‡§® ‡§¢‡§ï‡•ç‡§ï‡§® ‡§¨‡§π‡•Å‡§§ ‡§™‡§§‡§≤‡§æ ‡§π‡•à ‡§î‡§∞ ‡§™‡§ø‡§ö‡§ï‡§æ ‡§≠‡•Ä ‡§π‡•à ‡§ú‡§ó‡§π ‡§ú‡§ó‡§π ‡§™‡§∞ ‡•§‡•§‡•§,3.0,2020-10-28,‡§¢‡§ï‡•ç‡§ï‡§® ‡§¨‡§π‡•Å‡§§ ‡§™‡§§‡§≤‡§æ ‡§π‡•à ‡§î‡§∞ ‡§ú‡§ó‡§π ‡§ú‡§ó‡§π ‡§™‡§∞ ‡§ö‡§ø‡§™‡§ï‡§æ ‡§Æ‡•Å‡§ù‡•á ‡§™‡•ç‡§∞‡§æ‡§™‡•ç‡§§ ‡§π‡•Å‡§Ü ‡•§‡•§‡•§‡•§‡•§,Product is well . ‡§≤‡•á‡§ï‡§ø‡§® ‡§¢‡§ï‡•ç‡§ï‡§® ‡§¨‡§π‡•Å‡§§ ‡§™‡§§‡§≤‡§æ ‡§π‡•à ‡§î‡§∞ ‡§™‡§ø‡§ö‡§ï‡§æ ‡§≠‡•Ä ‡§π‡•à ‡§ú‡§ó‡§π ‡§ú‡§ó‡§π ‡§™‡§∞ ‡•§‡•§‡•§,‡§¢‡§ï‡•ç‡§ï‡§® ‡§¨‡§π‡•Å‡§§ ‡§™‡§§‡§≤‡§æ ‡§π‡•à ‡§î‡§∞ ‡§ú‡§ó‡§π ‡§ú‡§ó‡§π ‡§™‡§∞ ‡§ö‡§ø‡§™‡§ï‡§æ ‡§Æ‡•Å‡§ù‡•á ‡§™‡•ç‡§∞‡§æ‡§™‡•ç‡§§ ‡§π‡•Å‡§Ü ‡•§‡•§‡•§‡•§‡•§ ,product well ‡§≤‡•á‡§ï‡§ø‡§® ‡§¢‡§ï‡•ç‡§ï‡§® ‡§¨‡§π‡•Å‡§§ ‡§™‡§§‡§≤‡§æ ‡§π‡•à ‡§î‡§∞ ‡§™‡§ø‡§ö‡§ï‡§æ ‡§≠‡•Ä ‡§π‡•à ‡§ú‡§ó‡§π ‡§ú‡§ó‡§π ‡§™‡§∞ ‡•§‡•§‡•§ ,2020-12-10 17:15:47.846405,https://www.amazon.in/Cello-Non-Stick-Cavity-Appam-Stainless/dp/B08DRBCPBM/ref=cm_cr_arp_d_product_top?ie=UTF8
53,Handle,  Only handle is the disadvantage,4.0,2020-10-28,Handle,Only handle is the disadvantage,handl ,handl disadvantag ,2020-12-10 17:15:47.846405,https://www.amazon.in/Cello-Non-Stick-Cavity-Appam-Stainless/dp/B08DRBCPBM/ref=cm_cr_arp_d_product_top?ie=UTF8
54,Appam cookware,  It is in perfect size n easy handle..nice,4.0,2020-10-28,Appam cookware,It is in perfect size n easy handle..nice,appam cookwar ,perfect size n easi handlenic ,2020-12-10 17:15:47.846405,https://www.amazon.in/Cello-Non-Stick-Cavity-Appam-Stainless/dp/B08DRBCPBM/ref=cm_cr_arp_d_product_top?ie=UTF8
55,Very light weight. Not good to use,  Quality not good! Its very light weight and the appam get brunt easily!,2.0,2020-10-28,Very light weight. Not good to use,Quality not good! Its very light weight and the appam get brunt easily!,light weight good use ,qualiti good light weight appam get brunt easili ,2020-12-10 17:15:47.846405,https://www.amazon.in/Cello-Non-Stick-Cavity-Appam-Stainless/dp/B08DRBCPBM/ref=cm_cr_arp_d_product_top?ie=UTF8
56,Just ok,  In description its weight is shown 899 grams actually it is of 450 grms only,3.0,2020-10-27,Just ok,In description its weight is shown 899 grams actually it is of 450 grms only,ok ,descript weight shown 899 gram actual 450 grms ,2020-12-10 17:15:47.846405,https://www.amazon.in/Cello-Non-Stick-Cavity-Appam-Stainless/dp/B08DRBCPBM/ref=cm_cr_arp_d_product_top?ie=UTF8
57,Dnt trust amazon,  Too expnsive nt upto d mark,1.0,2020-10-26,Dnt trust amazon,Too expnsive nt upto d mark,dnt trust amazon ,expnsiv nt upto mark ,2020-12-10 17:15:47.846405,https://www.amazon.in/Cello-Non-Stick-Cavity-Appam-Stainless/dp/B08DRBCPBM/ref=cm_cr_arp_d_product_top?ie=UTF8
58,Good product,  I have received the product with very good packing . Product is value for money. But the handle is so small to hold otherwise üëç. Thank you .,4.0,2020-10-26,Good product,I have received the product with very good packing . Product is value for money. But the handle is so small to hold otherwise Thank you .,good product ,receiv product good pack product valu money handl small hold otherwis thank ,2020-12-10 17:15:47.846405,https://www.amazon.in/Cello-Non-Stick-Cavity-Appam-Stainless/dp/B08DRBCPBM/ref=cm_cr_arp_d_product_top?ie=UTF8
59,nice product,  Easy to use. Worth to buy.,0.0,2020-10-26,nice product,Easy to use. Worth to buy.,nice product ,easi use worth buy ,2020-12-10 17:15:47.846405,https://www.amazon.in/Cello-Non-Stick-Cavity-Appam-Stainless/dp/B08DRBCPBM/ref=cm_cr_arp_d_product_top?ie=UTF8
60,"Good, worth for money in 500s",  Nice Appam Patra. But light weight.,4.0,2020-10-26,"Good, worth for money in 500s",Nice Appam Patra. But light weight.,good worth money 500s ,nice appam patra light weight ,2020-12-10 17:15:47.846405,https://www.amazon.in/Cello-Non-Stick-Cavity-Appam-Stainless/dp/B08DRBCPBM/ref=cm_cr_arp_d_product_top?ie=UTF8
61,Good product,  Really like it. Easy to use ..overall nice product,0.0,2020-10-25,Good product,Really like it. Easy to use ..overall nice product,good product ,realli like easi use overal nice product ,2020-12-10 17:15:47.846405,https://www.amazon.in/Cello-Non-Stick-Cavity-Appam-Stainless/dp/B08DRBCPBM/ref=cm_cr_arp_d_product_top?ie=UTF8
62,Good product,  Very nice,0.0,2020-10-25,Good product,Very nice,good product ,nice ,2020-12-10 17:15:47.846405,https://www.amazon.in/Cello-Non-Stick-Cavity-Appam-Stainless/dp/B08DRBCPBM/ref=cm_cr_arp_d_product_top?ie=UTF8
63,Valuable,  Valu for money,4.0,2020-10-24,Valuable,Valu for money,valuabl ,valu money ,2020-12-10 17:15:47.846405,https://www.amazon.in/Cello-Non-Stick-Cavity-Appam-Stainless/dp/B08DRBCPBM/ref=cm_cr_arp_d_product_top?ie=UTF8
64,Useful product,  Quick breakfast maker,0.0,2020-10-24,Useful product,Quick breakfast maker,use product ,quick breakfast maker ,2020-12-10 17:15:47.846405,https://www.amazon.in/Cello-Non-Stick-Cavity-Appam-Stainless/dp/B08DRBCPBM/ref=cm_cr_arp_d_product_top?ie=UTF8
65,Avg product,"  Average quality product and bakelite handles are becoming hot,  steel cover plate is worst quality",3.0,2020-10-24,Avg product,"Average quality product and bakelite handles are becoming hot, steel cover plate is worst quality",avg product ,averag qualiti product bakelit handl becom hot steel cover plate worst qualiti ,2020-12-10 17:15:47.846405,https://www.amazon.in/Cello-Non-Stick-Cavity-Appam-Stainless/dp/B08DRBCPBM/ref=cm_cr_arp_d_product_top?ie=UTF8
66,"Cello Non-Stick 12 Cavity Appam Patra with Stainless Steel Lid, Blue & Grey",  Excellent product,0.0,2020-10-24,"Cello Non-Stick 12 Cavity Appam Patra with Stainless Steel Lid, Blue & Grey",Excellent product,cello nonstick 12 caviti appam patra stainless steel lid blue grey ,excel product ,2020-12-10 17:15:47.846405,https://www.amazon.in/Cello-Non-Stick-Cavity-Appam-Stainless/dp/B08DRBCPBM/ref=cm_cr_arp_d_product_top?ie=UTF8
67,Defected Product,  Product defect: Non stick coating was found damaged.,1.0,2020-10-24,Defected Product,Product defect: Non stick coating was found damaged.,defect product ,product defect non stick coat found damag ,2020-12-10 17:15:47.846405,https://www.amazon.in/Cello-Non-Stick-Cavity-Appam-Stainless/dp/B08DRBCPBM/ref=cm_cr_arp_d_product_top?ie=UTF8
68,Good to take,  Very nyc product,0.0,2020-10-23,Good to take,Very nyc product,good take ,nyc product ,2020-12-10 17:15:47.846405,https://www.amazon.in/Cello-Non-Stick-Cavity-Appam-Stainless/dp/B08DRBCPBM/ref=cm_cr_arp_d_product_top?ie=UTF8
69,Nice,  Good product,0.0,2020-10-23,Nice,Good product,nice ,good product ,2020-12-10 17:15:47.846405,https://www.amazon.in/Cello-Non-Stick-Cavity-Appam-Stainless/dp/B08DRBCPBM/ref=cm_cr_arp_d_product_top?ie=UTF8
70,Nice,  Nice product but steel cover could be better.Overall nice and better than Tosha.,4.0,2020-10-23,Nice,Nice product but steel cover could be better.Overall nice and better than Tosha.,nice ,nice product steel cover could betteroveral nice better tosha ,2020-12-10 17:15:47.846405,https://www.amazon.in/Cello-Non-Stick-Cavity-Appam-Stainless/dp/B08DRBCPBM/ref=cm_cr_arp_d_product_top?ie=UTF8
71,Good,  Good,4.0,2020-10-21,Good,Good,good ,good ,2020-12-10 17:15:47.846405,https://www.amazon.in/Cello-Non-Stick-Cavity-Appam-Stainless/dp/B08DRBCPBM/ref=cm_cr_arp_d_product_top?ie=UTF8
72,Nice,  Good product,0.0,2020-10-21,Nice,Good product,nice ,good product ,2020-12-10 17:15:47.846405,https://www.amazon.in/Cello-Non-Stick-Cavity-Appam-Stainless/dp/B08DRBCPBM/ref=cm_cr_arp_d_product_top?ie=UTF8
73,Good,  Good,3.0,2020-10-21,Good,Good,good ,good ,2020-12-10 17:15:47.846405,https://www.amazon.in/Cello-Non-Stick-Cavity-Appam-Stainless/dp/B08DRBCPBM/ref=cm_cr_arp_d_product_top?ie=UTF8
74,GOOD,  IT'S GOOD BUT NOT SO THICK,4.0,2020-10-21,GOOD,IT'S GOOD BUT NOT SO THICK,good ,good thick ,2020-12-10 17:15:47.846405,https://www.amazon.in/Cello-Non-Stick-Cavity-Appam-Stainless/dp/B08DRBCPBM/ref=cm_cr_arp_d_product_top?ie=UTF8
75,excellent product,"  Very easy to cook . Its non stick,happy with the product",0.0,2020-10-20,excellent product,"Very easy to cook . Its non stick,happy with the product",excel product ,easi cook non stickhappi product ,2020-12-10 17:15:47.846405,https://www.amazon.in/Cello-Non-Stick-Cavity-Appam-Stainless/dp/B08DRBCPBM/ref=cm_cr_arp_d_product_top?ie=UTF8
76,Good quality material,  beast quality product at good price,0.0,2020-10-20,Good quality material,beast quality product at good price,good qualiti materi ,beast qualiti product good price ,2020-12-10 17:15:47.846405,https://www.amazon.in/Cello-Non-Stick-Cavity-Appam-Stainless/dp/B08DRBCPBM/ref=cm_cr_arp_d_product_top?ie=UTF8
77,‡§∂‡§æ‡§®‡§¶‡§æ‡§∞ ‡§™‡•ç‡§∞‡•ã‡§°‡§ï‡•ç‡§ü,  ‡§™‡•ç‡§∞‡•ã‡§°‡§ï‡•ç‡§ü ‡§¨‡§π‡•Å‡§§ ‡§Ö‡§ö‡•ç‡§õ‡§æ ‡§π‡•à ‡§î‡§∞ ‡§ï‡•Å‡§õ ‡§á‡§∏ ‡§§‡§∞‡§π ‡§ï‡•Ä ‡§¨‡§®‡§æ‡§µ‡§ü ‡§π‡•à ‡§ï‡§ø ‡§∏‡§≠‡•Ä ‡§∏‡•ç‡§•‡§æ‡§®‡•ã‡§Ç ‡§™‡§∞ ‡§ó‡•à‡§∏ ‡§ï‡•Ä ‡§≤‡§µ ‡§™‡§π‡•Å‡§Ç‡§ö‡§§‡•Ä ‡§π‡•à ‡§ú‡§ø‡§∏ ‡§µ‡§ú‡§π ‡§∏‡•á ‡§Ö‡§™‡•ç‡§™‡•á ‡§¨‡•á‡§π‡§§‡§∞‡•Ä‡§® ‡§§‡§∞‡•Ä‡§ï‡•á ‡§∏‡•á ‡§∏‡•Ä‡§ñ ‡§ú‡§æ‡§§‡•á ‡§π‡•à‡§Ç ‡§î‡§∞ ‡§ú‡§≤‡§§‡•á ‡§≠‡•Ä ‡§®‡§π‡•Ä‡§Ç ‡§π‡•à,4.0,2020-10-19,‡§∂‡§æ‡§®‡§¶‡§æ‡§∞ ‡§™‡•ç‡§∞‡•ã‡§°‡§ï‡•ç‡§ü,‡§™‡•ç‡§∞‡•ã‡§°‡§ï‡•ç‡§ü ‡§¨‡§π‡•Å‡§§ ‡§Ö‡§ö‡•ç‡§õ‡§æ ‡§π‡•à ‡§î‡§∞ ‡§ï‡•Å‡§õ ‡§á‡§∏ ‡§§‡§∞‡§π ‡§ï‡•Ä ‡§¨‡§®‡§æ‡§µ‡§ü ‡§π‡•à ‡§ï‡§ø ‡§∏‡§≠‡•Ä ‡§∏‡•ç‡§•‡§æ‡§®‡•ã‡§Ç ‡§™‡§∞ ‡§ó‡•à‡§∏ ‡§ï‡•Ä ‡§≤‡§µ ‡§™‡§π‡•Å‡§Ç‡§ö‡§§‡•Ä ‡§π‡•à ‡§ú‡§ø‡§∏ ‡§µ‡§ú‡§π ‡§∏‡•á ‡§Ö‡§™‡•ç‡§™‡•á ‡§¨‡•á‡§π‡§§‡§∞‡•Ä‡§® ‡§§‡§∞‡•Ä‡§ï‡•á ‡§∏‡•á ‡§∏‡•Ä‡§ñ ‡§ú‡§æ‡§§‡•á ‡§π‡•à‡§Ç ‡§î‡§∞ ‡§ú‡§≤‡§§‡•á ‡§≠‡•Ä ‡§®‡§π‡•Ä‡§Ç ‡§π‡•à,‡§∂‡§æ‡§®‡§¶‡§æ‡§∞ ‡§™‡•ç‡§∞‡•ã‡§°‡§ï‡•ç‡§ü ,‡§™‡•ç‡§∞‡•ã‡§°‡§ï‡•ç‡§ü ‡§¨‡§π‡•Å‡§§ ‡§Ö‡§ö‡•ç‡§õ‡§æ ‡§π‡•à ‡§î‡§∞ ‡§ï‡•Å‡§õ ‡§á‡§∏ ‡§§‡§∞‡§π ‡§ï‡•Ä ‡§¨‡§®‡§æ‡§µ‡§ü ‡§π‡•à ‡§ï‡§ø ‡§∏‡§≠‡•Ä ‡§∏‡•ç‡§•‡§æ‡§®‡•ã‡§Ç ‡§™‡§∞ ‡§ó‡•à‡§∏ ‡§ï‡•Ä ‡§≤‡§µ ‡§™‡§π‡•Å‡§Ç‡§ö‡§§‡•Ä ‡§π‡•à ‡§ú‡§ø‡§∏ ‡§µ‡§ú‡§π ‡§∏‡•á ‡§Ö‡§™‡•ç‡§™‡•á ‡§¨‡•á‡§π‡§§‡§∞‡•Ä‡§® ‡§§‡§∞‡•Ä‡§ï‡•á ‡§∏‡•á ‡§∏‡•Ä‡§ñ ‡§ú‡§æ‡§§‡•á ‡§π‡•à‡§Ç ‡§î‡§∞ ‡§ú‡§≤‡§§‡•á ‡§≠‡•Ä ‡§®‡§π‡•Ä‡§Ç ‡§π‡•à ,2020-12-10 17:15:47.846405,https://www.amazon.in/Cello-Non-Stick-Cavity-Appam-Stainless/dp/B08DRBCPBM/ref=cm_cr_arp_d_product_top?ie=UTF8
78,Nice product,  Nice product contains small stick also  non stick üëå,4.0,2020-10-19,Nice product,Nice product contains small stick also non stick,nice product ,nice product contain small stick also non stick ,2020-12-10 17:15:47.846405,https://www.amazon.in/Cello-Non-Stick-Cavity-Appam-Stainless/dp/B08DRBCPBM/ref=cm_cr_arp_d_product_top?ie=UTF8
79,Value for money,  Good product,4.0,2020-10-19,Value for money,Good product,valu money ,good product ,2020-12-10 17:15:47.846405,https://www.amazon.in/Cello-Non-Stick-Cavity-Appam-Stainless/dp/B08DRBCPBM/ref=cm_cr_arp_d_product_top?ie=UTF8
80,Review,"  It is not a heavy product, but good to use.",4.0,2020-10-19,Review,"It is not a heavy product, but good to use.",review ,heavi product good use ,2020-12-10 17:15:47.846405,https://www.amazon.in/Cello-Non-Stick-Cavity-Appam-Stainless/dp/B08DRBCPBM/ref=cm_cr_arp_d_product_top?ie=UTF8
81,Good one!,  Everything is perfect except thickness but that also fine to use,0.0,2020-10-16,Good one!,Everything is perfect except thickness but that also fine to use,good one ,everyth perfect except thick also fine use ,2020-12-10 17:15:47.846405,https://www.amazon.in/Cello-Non-Stick-Cavity-Appam-Stainless/dp/B08DRBCPBM/ref=cm_cr_arp_d_product_top?ie=UTF8
82,Superb,  Superb,4.0,2020-10-15,Superb,Superb,superb ,superb ,2020-12-10 17:15:47.846405,https://www.amazon.in/Cello-Non-Stick-Cavity-Appam-Stainless/dp/B08DRBCPBM/ref=cm_cr_arp_d_product_top?ie=UTF8
83,Just ok,  Thickness  too thin,3.0,2020-10-15,Just ok,Thickness too thin,ok ,thick thin ,2020-12-10 17:15:47.846405,https://www.amazon.in/Cello-Non-Stick-Cavity-Appam-Stainless/dp/B08DRBCPBM/ref=cm_cr_arp_d_product_top?ie=UTF8
84,Light product.,"  Returned this product, as the product is very lighter in weight as mentioned in the app. It is less than 450 grams where as the app mention its weight is 899 grams.",1.0,2020-10-14,Light product.,"Returned this product, as the product is very lighter in weight as mentioned in the app. It is less than 450 grams where as the app mention its weight is 899 grams.",light product ,return product product lighter weight mention app less 450 gram app mention weight 899 gram ,2020-12-10 17:15:47.846405,https://www.amazon.in/Cello-Non-Stick-Cavity-Appam-Stainless/dp/B08DRBCPBM/ref=cm_cr_arp_d_product_top?ie=UTF8
85,Nice product,  Very nice,0.0,2020-10-14,Nice product,Very nice,nice product ,nice ,2020-12-10 17:15:47.846405,https://www.amazon.in/Cello-Non-Stick-Cavity-Appam-Stainless/dp/B08DRBCPBM/ref=cm_cr_arp_d_product_top?ie=UTF8
86,Awesome product,  Worth buying,0.0,2020-10-12,Awesome product,Worth buying,awesom product ,worth buy ,2020-12-10 17:15:47.846405,https://www.amazon.in/Cello-Non-Stick-Cavity-Appam-Stainless/dp/B08DRBCPBM/ref=cm_cr_arp_d_product_top?ie=UTF8
87,Handling purpose,  Not easy to Handel,3.0,2020-10-12,Handling purpose,Not easy to Handel,handl purpos ,easi handel ,2020-12-10 17:15:47.846405,https://www.amazon.in/Cello-Non-Stick-Cavity-Appam-Stainless/dp/B08DRBCPBM/ref=cm_cr_arp_d_product_top?ie=UTF8
88,Not bad,  Nat bad,3.0,2020-10-11,Not bad,Nat bad,bad ,nat bad ,2020-12-10 17:15:47.846405,https://www.amazon.in/Cello-Non-Stick-Cavity-Appam-Stainless/dp/B08DRBCPBM/ref=cm_cr_arp_d_product_top?ie=UTF8
89,Good product keeping in mind the price,  Same as shown in the product details. But personally i would suggest to go with the one which has a bigger handle as it gets easy to carry without getting fingers burnt.,0.0,2020-10-10,Good product keeping in mind the price,Same as shown in the product details. But personally i would suggest to go with the one which has a bigger handle as it gets easy to carry without getting fingers burnt.,good product keep mind price ,shown product detail person would suggest go one bigger handl get easi carri without get finger burnt ,2020-12-10 17:15:47.846405,https://www.amazon.in/Cello-Non-Stick-Cavity-Appam-Stainless/dp/B08DRBCPBM/ref=cm_cr_arp_d_product_top?ie=UTF8
90,"good product, would suggest to bought model with seperaglte handle",  good product from cello but handle should be seperate from metal as its get heated with metal.,4.0,2020-10-08,"good product, would suggest to bought model with seperaglte handle",good product from cello but handle should be seperate from metal as its get heated with metal.,good product would suggest bought model seperaglt handl ,good product cello handl seper metal get heat metal ,2020-12-10 17:15:47.846405,https://www.amazon.in/Cello-Non-Stick-Cavity-Appam-Stainless/dp/B08DRBCPBM/ref=cm_cr_arp_d_product_top?ie=UTF8
91,not thick,  not bad very light not at all thick and not deep returned it bought it for 499,3.0,2020-10-07,not thick,not bad very light not at all thick and not deep returned it bought it for 499,thick ,bad light thick deep return bought 499 ,2020-12-10 17:15:47.846405,https://www.amazon.in/Cello-Non-Stick-Cavity-Appam-Stainless/dp/B08DRBCPBM/ref=cm_cr_arp_d_product_top?ie=UTF8
92,Nice purchase,  Good product,4.0,2020-10-07,Nice purchase,Good product,nice purchas ,good product ,2020-12-10 17:15:47.846405,https://www.amazon.in/Cello-Non-Stick-Cavity-Appam-Stainless/dp/B08DRBCPBM/ref=cm_cr_arp_d_product_top?ie=UTF8
93,Good,"  Appam maker is good,  But the Lid is of not good quality",0.0,2020-10-06,Good,"Appam maker is good, But the Lid is of not good quality",good ,appam maker good lid good qualiti ,2020-12-10 17:15:47.846405,https://www.amazon.in/Cello-Non-Stick-Cavity-Appam-Stainless/dp/B08DRBCPBM/ref=cm_cr_arp_d_product_top?ie=UTF8
94,Gr8 product,  Very nyc product easy to use and wash but handles r  small,0.0,2020-10-06,Gr8 product,Very nyc product easy to use and wash but handles r small,gr8 product ,nyc product easi use wash handl r small ,2020-12-10 17:15:47.846405,https://www.amazon.in/Cello-Non-Stick-Cavity-Appam-Stainless/dp/B08DRBCPBM/ref=cm_cr_arp_d_product_top?ie=UTF8
95,Great product at this price,"  Great at this price, will use it for sometime then post review again. So far so good.",0.0,2020-10-04,Great product at this price,"Great at this price, will use it for sometime then post review again. So far so good.",great product price ,great price use sometim post review far good ,2020-12-10 17:15:47.846405,https://www.amazon.in/Cello-Non-Stick-Cavity-Appam-Stainless/dp/B08DRBCPBM/ref=cm_cr_arp_d_product_top?ie=UTF8
96,Do not buy,  Poor product,1.0,2020-10-03,Do not buy,Poor product,buy ,poor product ,2020-12-10 17:15:47.846405,https://www.amazon.in/Cello-Non-Stick-Cavity-Appam-Stainless/dp/B08DRBCPBM/ref=cm_cr_arp_d_product_top?ie=UTF8
97,Good one,  Quick delivery by Amazon so HappyCello non stick Easy to use light weight and happy with the product looks nice wodden stick also provided overall value for moneyüí∞.,4.0,2020-10-02,Good one,Quick delivery by Amazon so HappyCello non stick Easy to use light weight and happy with the product looks nice wodden stick also provided overall value for,good one ,quick deliveri amazon happycello non stick easi use light weight happi product look nice wodden stick also provid overal valu ,2020-12-10 17:15:47.846405,https://www.amazon.in/Cello-Non-Stick-Cavity-Appam-Stainless/dp/B08DRBCPBM/ref=cm_cr_arp_d_product_top?ie=UTF8
98,Appam pan amazing,  Amazing product,4.0,2020-09-30,Appam pan amazing,Amazing product,appam pan amaz ,amaz product ,2020-12-10 17:15:47.846405,https://www.amazon.in/Cello-Non-Stick-Cavity-Appam-Stainless/dp/B08DRBCPBM/ref=cm_cr_arp_d_product_top?ie=UTF8
99,Light,  Light weight,3.0,2020-09-30,Light,Light weight,light ,light weight ,2020-12-10 17:15:47.846405,https://www.amazon.in/Cello-Non-Stick-Cavity-Appam-Stainless/dp/B08DRBCPBM/ref=cm_cr_arp_d_product_top?ie=UTF8
100,Good item,  Like it,0.0,2020-09-30,Good item,Like it,good item ,like ,2020-12-10 17:15:47.846405,https://www.amazon.in/Cello-Non-Stick-Cavity-Appam-Stainless/dp/B08DRBCPBM/ref=cm_cr_arp_d_product_top?ie=UTF8
101,Good for Appam,"  Good for Appam, Kuzhi Paniyaram etc. Happy with this non stick Appam pan",4.0,2020-09-28,Good for Appam,"Good for Appam, Kuzhi Paniyaram etc. Happy with this non stick Appam pan",good appam ,good appam kuzhi paniyaram etc happi non stick appam pan ,2020-12-10 17:15:47.846405,https://www.amazon.in/Cello-Non-Stick-Cavity-Appam-Stainless/dp/B08DRBCPBM/ref=cm_cr_arp_d_product_top?ie=UTF8
102,Nic,  I like the product but i requested to amazon plz improve the quality of the product according to price..,4.0,2020-09-28,Nic,I like the product but i requested to amazon plz improve the quality of the product according to price..,nic ,like product request amazon plz improv qualiti product accord price ,2020-12-10 17:15:47.846405,https://www.amazon.in/Cello-Non-Stick-Cavity-Appam-Stainless/dp/B08DRBCPBM/ref=cm_cr_arp_d_product_top?ie=UTF8
103,Non stick coating damage,  Non stic coating is not good and chipped in few places,2.0,2020-09-27,Non stick coating damage,Non stic coating is not good and chipped in few places,non stick coat damag ,non stic coat good chip place ,2020-12-10 17:15:47.846405,https://www.amazon.in/Cello-Non-Stick-Cavity-Appam-Stainless/dp/B08DRBCPBM/ref=cm_cr_arp_d_product_top?ie=UTF8
104,Not satisfied,  Appam pan is ok but lid is so thin.,1.0,2020-09-26,Not satisfied,Appam pan is ok but lid is so thin.,satisfi ,appam pan ok lid thin ,2020-12-10 17:15:47.846405,https://www.amazon.in/Cello-Non-Stick-Cavity-Appam-Stainless/dp/B08DRBCPBM/ref=cm_cr_arp_d_product_top?ie=UTF8
105,Worth to buy,  Value for money... Good product..,0.0,2020-09-24,Worth to buy,Value for money... Good product..,worth buy ,valu money good product ,2020-12-10 17:15:47.846405,https://www.amazon.in/Cello-Non-Stick-Cavity-Appam-Stainless/dp/B08DRBCPBM/ref=cm_cr_arp_d_product_top?ie=UTF8
106,very poor quality. No more cello products for me.,"  Cello has started to fool its customers by using its name with low grade products. The quality of this pan was so poor, had to return it. It was very light in weight and the lid was very thin. Have ordered a better quality appam pan from tosaa, in same price range but better quality.",1.0,2020-09-24,very poor quality. No more cello products for me.,"Cello has started to fool its customers by using its name with low grade products. The quality of this pan was so poor, had to return it. It was very light in weight and the lid was very thin. Have ordered a better quality appam pan from tosaa, in same price range but better quality.",poor qualiti cello product ,cello start fool custom use name low grade product qualiti pan poor return light weight lid thin order better qualiti appam pan tosaa price rang better qualiti ,2020-12-10 17:15:47.846405,https://www.amazon.in/Cello-Non-Stick-Cavity-Appam-Stainless/dp/B08DRBCPBM/ref=cm_cr_arp_d_product_top?ie=UTF8
107,Good,  Product is very good and easy to use.But only problem is that the handles for picking must have some cover so as to pick easily.,0.0,2020-09-24,Good,Product is very good and easy to use.But only problem is that the handles for picking must have some cover so as to pick easily.,good ,product good easi usebut problem handl pick must cover pick easili ,2020-12-10 17:15:47.846405,https://www.amazon.in/Cello-Non-Stick-Cavity-Appam-Stainless/dp/B08DRBCPBM/ref=cm_cr_arp_d_product_top?ie=UTF8
108,Broken black lid holder,"  The black lid holder was fixed on the interior side of the lid, maybe to ease packaging. While unscrewing it to fix it on the correct side of the lid, the black holder just broke apart. Very bad quality. Not expected from such a good brand like Cello.",3.0,2020-09-21,Broken black lid holder,"The black lid holder was fixed on the interior side of the lid, maybe to ease packaging. While unscrewing it to fix it on the correct side of the lid, the black holder just broke apart. Very bad quality. Not expected from such a good brand like Cello.",broken black lid holder ,black lid holder fix interior side lid mayb eas packag unscrew fix correct side lid black holder broke apart bad qualiti expect good brand like cello ,2020-12-10 17:15:47.846405,https://www.amazon.in/Cello-Non-Stick-Cavity-Appam-Stainless/dp/B08DRBCPBM/ref=cm_cr_arp_d_product_top?ie=UTF8
109,Ok Types,  The product is light weight and ok types.Ok for this range with a brand name. The handle is missed since the side ears get heated and almost of no use.,3.0,2020-09-21,Ok Types,The product is light weight and ok types.Ok for this range with a brand name. The handle is missed since the side ears get heated and almost of no use.,ok type ,product light weight ok typesok rang brand name handl miss sinc side ear get heat almost use ,2020-12-10 17:15:47.846405,https://www.amazon.in/Cello-Non-Stick-Cavity-Appam-Stainless/dp/B08DRBCPBM/ref=cm_cr_arp_d_product_top?ie=UTF8
110,Good Value for money,  Like,0.0,2020-09-20,Good Value for money,Like,good valu money ,like ,2020-12-10 17:15:47.846405,https://www.amazon.in/Cello-Non-Stick-Cavity-Appam-Stainless/dp/B08DRBCPBM/ref=cm_cr_arp_d_product_top?ie=UTF8
111,Ok product,  Very light weight.  Have to be kept on low flame all the time.,3.0,2020-09-19,Ok product,Very light weight. Have to be kept on low flame all the time.,ok product ,light weight kept low flame time ,2020-12-10 17:15:47.846405,https://www.amazon.in/Cello-Non-Stick-Cavity-Appam-Stainless/dp/B08DRBCPBM/ref=cm_cr_arp_d_product_top?ie=UTF8
112,Gud experience,  Awesome,0.0,2020-09-18,Gud experience,Awesome,gud experi ,awesom ,2020-12-10 17:15:47.846405,https://www.amazon.in/Cello-Non-Stick-Cavity-Appam-Stainless/dp/B08DRBCPBM/ref=cm_cr_arp_d_product_top?ie=UTF8
113,Very good,  It is very good. Must buy product.,0.0,2020-09-18,Very good,It is very good. Must buy product.,good ,good must buy product ,2020-12-10 17:15:47.846405,https://www.amazon.in/Cello-Non-Stick-Cavity-Appam-Stainless/dp/B08DRBCPBM/ref=cm_cr_arp_d_product_top?ie=UTF8
114,Must buy,  Worth for money. Very good quality,0.0,2020-09-18,Must buy,Worth for money. Very good quality,must buy ,worth money good qualiti ,2020-12-10 17:15:47.846405,https://www.amazon.in/Cello-Non-Stick-Cavity-Appam-Stainless/dp/B08DRBCPBM/ref=cm_cr_arp_d_product_top?ie=UTF8
115,Another good product from a good company.,  Exactly same as claimed in product detail. Totally worth the money.,4.0,2020-09-17,Another good product from a good company.,Exactly same as claimed in product detail. Totally worth the money.,anoth good product good compani ,exact claim product detail total worth money ,2020-12-10 17:15:47.846405,https://www.amazon.in/Cello-Non-Stick-Cavity-Appam-Stainless/dp/B08DRBCPBM/ref=cm_cr_arp_d_product_top?ie=UTF8
116,Everyone should buy it...... Awesome,  Very good product...... Recieved as it is shown in amazon..... Totally value for money. I have made diff. Types of appe  like suji besan nd simple flour in it..... My family like it nd it is totally full paisa vasool,0.0,2020-09-14,Everyone should buy it...... Awesome,Very good product...... Recieved as it is shown in amazon..... Totally value for money. I have made diff. Types of appe like suji besan nd simple flour in it..... My family like it nd it is totally full paisa vasool,everyon buy awesom ,good product reciev shown amazon total valu money made diff type app like suji besan nd simpl flour famili like nd total full paisa vasool ,2020-12-10 17:15:47.846405,https://www.amazon.in/Cello-Non-Stick-Cavity-Appam-Stainless/dp/B08DRBCPBM/ref=cm_cr_arp_d_product_top?ie=UTF8
117,Very nice üëç,  Good,0.0,2020-09-14,Very nice,Good,nice ,good ,2020-12-10 17:15:47.846405,https://www.amazon.in/Cello-Non-Stick-Cavity-Appam-Stainless/dp/B08DRBCPBM/ref=cm_cr_arp_d_product_top?ie=UTF8
118,Good,  Very good product,4.0,2020-09-10,Good,Very good product,good ,good product ,2020-12-10 17:15:47.846405,https://www.amazon.in/Cello-Non-Stick-Cavity-Appam-Stainless/dp/B08DRBCPBM/ref=cm_cr_arp_d_product_top?ie=UTF8
119,quality is not good,  getting some chemical smell while heating up. very light weight,1.0,2020-09-08,quality is not good,getting some chemical smell while heating up. very light weight,qualiti good ,get chemic smell heat light weight ,2020-12-10 17:15:47.846405,https://www.amazon.in/Cello-Non-Stick-Cavity-Appam-Stainless/dp/B08DRBCPBM/ref=cm_cr_arp_d_product_top?ie=UTF8
120,Love it,"  Good easy to use , mini idlis ready to eat in minutes",0.0,2020-09-01,Love it,"Good easy to use , mini idlis ready to eat in minutes",love ,good easi use mini id readi eat minut ,2020-12-10 17:15:47.846405,https://www.amazon.in/Cello-Non-Stick-Cavity-Appam-Stainless/dp/B08DRBCPBM/ref=cm_cr_arp_d_product_top?ie=UTF8
121,Good,  Good,0.0,2020-03-09,Good,Good,good ,good ,2020-12-10 17:15:47.846405,https://www.amazon.in/Cello-Non-Stick-Cavity-Appam-Stainless/dp/B08DRBCPBM/ref=cm_cr_arp_d_product_top?ie=UTF8
122,Great product,  Nice product,0.0,2020-02-03,Great product,Nice product,great product ,nice product ,2020-12-10 17:15:47.846405,https://www.amazon.in/Cello-Non-Stick-Cavity-Appam-Stainless/dp/B08DRBCPBM/ref=cm_cr_arp_d_product_top?ie=UTF8
123,Works fine,"  It's size is good, makes good appum. Have used it on both gas and hot plate.",4.0,2020-02-02,Works fine,"It's size is good, makes good appum. Have used it on both gas and hot plate.",work fine ,size good make good appum use gas hot plate ,2020-12-10 17:15:47.846405,https://www.amazon.in/Cello-Non-Stick-Cavity-Appam-Stainless/dp/B08DRBCPBM/ref=cm_cr_arp_d_product_top?ie=UTF8
124,Nice to have it,  Awesome,0.0,2020-01-17,Nice to have it,Awesome,nice ,awesom ,2020-12-10 17:15:47.846405,https://www.amazon.in/Cello-Non-Stick-Cavity-Appam-Stainless/dp/B08DRBCPBM/ref=cm_cr_arp_d_product_top?ie=UTF8
125,Good priduct,  Like,4.0,2019-12-22,Good priduct,Like,good priduct ,like ,2020-12-10 17:15:47.846405,https://www.amazon.in/Cello-Non-Stick-Cavity-Appam-Stainless/dp/B08DRBCPBM/ref=cm_cr_arp_d_product_top?ie=UTF8
126,Good,  Good product! Suggestion: The cavities should have been a little bigger also it would have been better if it had handles on it.,4.0,2019-12-16,Good,Good product! Suggestion: The cavities should have been a little bigger also it would have been better if it had handles on it.,good ,good product suggest caviti littl bigger also would better handl ,2020-12-10 17:15:47.846405,https://www.amazon.in/Cello-Non-Stick-Cavity-Appam-Stainless/dp/B08DRBCPBM/ref=cm_cr_arp_d_product_top?ie=UTF8
127,Must buy,  Great product..Only drawback is no handles.,4.0,2019-12-09,Must buy,Great product..Only drawback is no handles.,must buy ,great producton drawback handl ,2020-12-10 17:15:47.846405,https://www.amazon.in/Cello-Non-Stick-Cavity-Appam-Stainless/dp/B08DRBCPBM/ref=cm_cr_arp_d_product_top?ie=UTF8
128,Good Product,  Satisfied with the product... Small in size... But good,0.0,2019-11-04,Good Product,Satisfied with the product... Small in size... But good,good product ,satisfi product small size good ,2020-12-10 17:15:47.846405,https://www.amazon.in/Cello-Non-Stick-Cavity-Appam-Stainless/dp/B08DRBCPBM/ref=cm_cr_arp_d_product_top?ie=UTF8
129,Very happy,  Really awsm product..uppam comes out so well..it doesn't stick at all..with in 2 min you will get ur uppam..best best..who are living in hostel or alone they can carry this ...its really very light weight and u can make  uppam in few min..,0.0,2019-11-03,Very happy,Really awsm product..uppam comes out so well..it doesn't stick at all..with in 2 min you will get ur uppam..best best..who are living in hostel or alone they can carry this ...its really very light weight and u can make uppam in few min..,happi ,realli awsm productuppam come wellit doesnt stick allwith 2 min get ur uppambest bestwho live hostel alon carri realli light weight u make uppam min ,2020-12-10 17:15:47.846405,https://www.amazon.in/Cello-Non-Stick-Cavity-Appam-Stainless/dp/B08DRBCPBM/ref=cm_cr_arp_d_product_top?ie=UTF8
130,Good,  Good product. Durable and easy to use.,0.0,2019-11-02,Good,Good product. Durable and easy to use.,good ,good product durabl easi use ,2020-12-10 17:15:47.846405,https://www.amazon.in/Cello-Non-Stick-Cavity-Appam-Stainless/dp/B08DRBCPBM/ref=cm_cr_arp_d_product_top?ie=UTF8
131,Nothing to say,  Nice but not satisfied,0.0,2019-10-28,Nothing to say,Nice but not satisfied,noth say ,nice satisfi ,2020-12-10 17:15:47.846405,https://www.amazon.in/Cello-Non-Stick-Cavity-Appam-Stainless/dp/B08DRBCPBM/ref=cm_cr_arp_d_product_top?ie=UTF8
132,A good buy,  Happy to have it,4.0,2019-10-23,A good buy,Happy to have it,good buy ,happi ,2020-12-10 17:15:47.846405,https://www.amazon.in/Cello-Non-Stick-Cavity-Appam-Stainless/dp/B08DRBCPBM/ref=cm_cr_arp_d_product_top?ie=UTF8
133,should be with handles,  very happy with d product,0.0,2019-10-22,should be with handles,very happy with d product,handl ,happi product ,2020-12-10 17:15:47.846405,https://www.amazon.in/Cello-Non-Stick-Cavity-Appam-Stainless/dp/B08DRBCPBM/ref=cm_cr_arp_d_product_top?ie=UTF8
134,Heat is not spread evenly,  Heat is not spread evenly. The center ones end up getting burnt while the end ones barely cooks.,3.0,2019-10-20,Heat is not spread evenly,Heat is not spread evenly. The center ones end up getting burnt while the end ones barely cooks.,heat spread even ,heat spread even center one end get burnt end one bare cook ,2020-12-10 17:15:47.846405,https://www.amazon.in/Cello-Non-Stick-Cavity-Appam-Stainless/dp/B08DRBCPBM/ref=cm_cr_arp_d_product_top?ie=UTF8
135,Good,  Good but not cook appam properly,0.0,2019-10-19,Good,Good but not cook appam properly,good ,good cook appam proper ,2020-12-10 17:15:47.846405,https://www.amazon.in/Cello-Non-Stick-Cavity-Appam-Stainless/dp/B08DRBCPBM/ref=cm_cr_arp_d_product_top?ie=UTF8
136,Value for money,  NYC product....,3.0,2019-10-12,Value for money,NYC product....,valu money ,nyc product ,2020-12-10 17:15:47.846405,https://www.amazon.in/Cello-Non-Stick-Cavity-Appam-Stainless/dp/B08DRBCPBM/ref=cm_cr_arp_d_product_top?ie=UTF8
137,Very nice,  Nic,3.0,2019-10-11,Very nice,Nic,nice ,nic ,2020-12-10 17:15:47.846405,https://www.amazon.in/Cello-Non-Stick-Cavity-Appam-Stainless/dp/B08DRBCPBM/ref=cm_cr_arp_d_product_top?ie=UTF8
138,Value for money,  Best Quality,0.0,2019-10-10,Value for money,Best Quality,valu money ,best qualiti ,2020-12-10 17:15:47.846405,https://www.amazon.in/Cello-Non-Stick-Cavity-Appam-Stainless/dp/B08DRBCPBM/ref=cm_cr_arp_d_product_top?ie=UTF8
139,Good,  Good,0.0,2019-10-05,Good,Good,good ,good ,2020-12-10 17:15:47.846405,https://www.amazon.in/Cello-Non-Stick-Cavity-Appam-Stainless/dp/B08DRBCPBM/ref=cm_cr_arp_d_product_top?ie=UTF8
140,Hai,  Good product,4.0,2019-10-05,Hai,Good product,hai ,good product ,2020-12-10 17:15:47.846405,https://www.amazon.in/Cello-Non-Stick-Cavity-Appam-Stainless/dp/B08DRBCPBM/ref=cm_cr_arp_d_product_top?ie=UTF8
141,Blunder price tag on amazon big sale,  I bought this product for 600 rs and it‚Äôs awesome... since it‚Äôs amazon big sale they have tagged this product with price 1450 and after discount it‚Äôs 450 rs ... why r u fooling everyone be genuine with price,0.0,2019-09-29,Blunder price tag on amazon big sale,I bought this product for 600 rs and it‚Äôs awesome... since it‚Äôs amazon big sale they have tagged this product with price 1450 and after discount it‚Äôs 450 rs ... why r u fooling everyone be genuine with price,blunder price tag amazon big sale ,bought product 600 rs it awesom sinc it amazon big sale tag product price 1450 discount it 450 rs r u fool everyon genuin price ,2020-12-10 17:15:47.846405,https://www.amazon.in/Cello-Non-Stick-Cavity-Appam-Stainless/dp/B08DRBCPBM/ref=cm_cr_arp_d_product_top?ie=UTF8
142,Nice,  Nice,0.0,2019-09-19,Nice,Nice,nice ,nice ,2020-12-10 17:15:47.846405,https://www.amazon.in/Cello-Non-Stick-Cavity-Appam-Stainless/dp/B08DRBCPBM/ref=cm_cr_arp_d_product_top?ie=UTF8
143,Good,  Good,4.0,2019-09-17,Good,Good,good ,good ,2020-12-10 17:15:47.846405,https://www.amazon.in/Cello-Non-Stick-Cavity-Appam-Stainless/dp/B08DRBCPBM/ref=cm_cr_arp_d_product_top?ie=UTF8
144,Agerage,  base is too light.,3.0,2019-09-16,Agerage,base is too light.,agerag ,base light ,2020-12-10 17:15:47.846405,https://www.amazon.in/Cello-Non-Stick-Cavity-Appam-Stainless/dp/B08DRBCPBM/ref=cm_cr_arp_d_product_top?ie=UTF8
145,Gud,  Gud,0.0,2019-09-12,Gud,Gud,gud ,gud ,2020-12-10 17:15:47.846405,https://www.amazon.in/Cello-Non-Stick-Cavity-Appam-Stainless/dp/B08DRBCPBM/ref=cm_cr_arp_d_product_top?ie=UTF8
146,Good product,  Go for it,0.0,2019-09-11,Good product,Go for it,good product ,go ,2020-12-10 17:15:47.846405,https://www.amazon.in/Cello-Non-Stick-Cavity-Appam-Stainless/dp/B08DRBCPBM/ref=cm_cr_arp_d_product_top?ie=UTF8
147,Nice and Jumbo product,  Decent product and value for money,0.0,2019-09-10,Nice and Jumbo product,Decent product and value for money,nice jumbo product ,decent product valu money ,2020-12-10 17:15:47.846405,https://www.amazon.in/Cello-Non-Stick-Cavity-Appam-Stainless/dp/B08DRBCPBM/ref=cm_cr_arp_d_product_top?ie=UTF8
148,Bad product,  Not value for money,1.0,2019-09-08,Bad product,Not value for money,bad product ,valu money ,2020-12-10 17:15:47.846405,https://www.amazon.in/Cello-Non-Stick-Cavity-Appam-Stainless/dp/B08DRBCPBM/ref=cm_cr_arp_d_product_top?ie=UTF8
149,Thin and delicate,  It's looking nice but very thin and delicate.,2.0,2019-09-08,Thin and delicate,It's looking nice but very thin and delicate.,thin delic ,look nice thin delic ,2020-12-10 17:15:47.846405,https://www.amazon.in/Cello-Non-Stick-Cavity-Appam-Stainless/dp/B08DRBCPBM/ref=cm_cr_arp_d_product_top?ie=UTF8
150,Very very nuce,  Very nice,0.0,2019-09-05,Very very nuce,Very nice,nuce ,nice ,2020-12-10 17:15:47.846405,https://www.amazon.in/Cello-Non-Stick-Cavity-Appam-Stainless/dp/B08DRBCPBM/ref=cm_cr_arp_d_product_top?ie=UTF8
151,Ok,  Good product,4.0,2019-09-03,Ok,Good product,ok ,good product ,2020-12-10 17:15:47.846405,https://www.amazon.in/Cello-Non-Stick-Cavity-Appam-Stainless/dp/B08DRBCPBM/ref=cm_cr_arp_d_product_top?ie=UTF8
152,Good,  Good,4.0,2019-08-24,Good,Good,good ,good ,2020-12-10 17:15:47.846405,https://www.amazon.in/Cello-Non-Stick-Cavity-Appam-Stainless/dp/B08DRBCPBM/ref=cm_cr_arp_d_product_top?ie=UTF8
153,Goo product,  Nice product,0.0,2019-08-23,Goo product,Nice product,goo product ,nice product ,2020-12-10 17:15:47.846405,https://www.amazon.in/Cello-Non-Stick-Cavity-Appam-Stainless/dp/B08DRBCPBM/ref=cm_cr_arp_d_product_top?ie=UTF8
154,Product is good but bad seller,  Patra is medium in size. I got a damaged product without any brand cover.,4.0,2019-08-23,Product is good but bad seller,Patra is medium in size. I got a damaged product without any brand cover.,product good bad seller ,patra medium size got damag product without brand cover ,2020-12-10 17:15:47.846405,https://www.amazon.in/Cello-Non-Stick-Cavity-Appam-Stainless/dp/B08DRBCPBM/ref=cm_cr_arp_d_product_top?ie=UTF8
155,Good,  Good,4.0,2019-08-22,Good,Good,good ,good ,2020-12-10 17:15:47.846405,https://www.amazon.in/Cello-Non-Stick-Cavity-Appam-Stainless/dp/B08DRBCPBM/ref=cm_cr_arp_d_product_top?ie=UTF8
156,Value for money,  Product is same as shown here.  Value for money,0.0,2019-08-22,Value for money,Product is same as shown here. Value for money,valu money ,product shown valu money ,2020-12-10 17:15:47.846405,https://www.amazon.in/Cello-Non-Stick-Cavity-Appam-Stainless/dp/B08DRBCPBM/ref=cm_cr_arp_d_product_top?ie=UTF8
157,Never by this product,"  Don't by this product,  very small different from the picture shown and light, appam burns in it with low flame also.",2.0,2019-08-21,Never by this product,"Don't by this product, very small different from the picture shown and light, appam burns in it with low flame also.",never product ,dont product small differ pictur shown light appam burn low flame also ,2020-12-10 17:15:47.846405,https://www.amazon.in/Cello-Non-Stick-Cavity-Appam-Stainless/dp/B08DRBCPBM/ref=cm_cr_arp_d_product_top?ie=UTF8
158,Good overall,  Too small,3.0,2019-08-21,Good overall,Too small,good overal ,small ,2020-12-10 17:15:47.846405,https://www.amazon.in/Cello-Non-Stick-Cavity-Appam-Stainless/dp/B08DRBCPBM/ref=cm_cr_arp_d_product_top?ie=UTF8
159,Must Buy,  Good product at this cost,0.0,2019-08-21,Must Buy,Good product at this cost,must buy ,good product cost ,2020-12-10 17:15:47.846405,https://www.amazon.in/Cello-Non-Stick-Cavity-Appam-Stainless/dp/B08DRBCPBM/ref=cm_cr_arp_d_product_top?ie=UTF8
160,Must try,"  100/100Go for it , not just appam, u can make many things in it it's good quality nonstick .",4.0,2019-08-15,Must try,"100/100Go for it , not just appam, u can make many things in it it's good quality nonstick .",must tri ,100100go appam u make mani thing good qualiti nonstick ,2020-12-10 17:15:47.846405,https://www.amazon.in/Cello-Non-Stick-Cavity-Appam-Stainless/dp/B08DRBCPBM/ref=cm_cr_arp_d_product_top?ie=UTF8
161,Appam patra,  Quality is not good,2.0,2019-08-07,Appam patra,Quality is not good,appam patra ,qualiti good ,2020-12-10 17:15:47.846405,https://www.amazon.in/Cello-Non-Stick-Cavity-Appam-Stainless/dp/B08DRBCPBM/ref=cm_cr_arp_d_product_top?ie=UTF8
162,Ok,  Ok product,3.0,2019-07-31,Ok,Ok product,ok ,ok product ,2020-12-10 17:15:47.846405,https://www.amazon.in/Cello-Non-Stick-Cavity-Appam-Stainless/dp/B08DRBCPBM/ref=cm_cr_arp_d_product_top?ie=UTF8
163,Ok,  Ok,3.0,2019-07-26,Ok,Ok,ok ,ok ,2020-12-10 17:15:47.846405,https://www.amazon.in/Cello-Non-Stick-Cavity-Appam-Stainless/dp/B08DRBCPBM/ref=cm_cr_arp_d_product_top?ie=UTF8
164,Very nice,  Very nice,0.0,2019-07-23,Very nice,Very nice,nice ,nice ,2020-12-10 17:15:47.846405,https://www.amazon.in/Cello-Non-Stick-Cavity-Appam-Stainless/dp/B08DRBCPBM/ref=cm_cr_arp_d_product_top?ie=UTF8
165,Nice,  Good product.,0.0,2019-07-18,Nice,Good product.,nice ,good product ,2020-12-10 17:15:47.846405,https://www.amazon.in/Cello-Non-Stick-Cavity-Appam-Stainless/dp/B08DRBCPBM/ref=cm_cr_arp_d_product_top?ie=UTF8
166,Light weight,  Ok,1.0,2019-07-14,Light weight,Ok,light weight ,ok ,2020-12-10 17:15:47.846405,https://www.amazon.in/Cello-Non-Stick-Cavity-Appam-Stainless/dp/B08DRBCPBM/ref=cm_cr_arp_d_product_top?ie=UTF8
167,Nice,  Good,4.0,2019-07-12,Nice,Good,nice ,good ,2020-12-10 17:15:47.846405,https://www.amazon.in/Cello-Non-Stick-Cavity-Appam-Stainless/dp/B08DRBCPBM/ref=cm_cr_arp_d_product_top?ie=UTF8
168,Quality is best,  Good to use,0.0,2019-07-10,Quality is best,Good to use,qualiti best ,good use ,2020-12-10 17:15:47.846405,https://www.amazon.in/Cello-Non-Stick-Cavity-Appam-Stainless/dp/B08DRBCPBM/ref=cm_cr_arp_d_product_top?ie=UTF8
169,With out handles.,  It's not user friendly as it doesn't have handles. One can hurt himself as it's small handles also become  hot with the pot. Not worth as essential feature is Missing.,2.0,2019-07-04,With out handles.,It's not user friendly as it doesn't have handles. One can hurt himself as it's small handles also become hot with the pot. Not worth as essential feature is Missing.,handl ,user friend doesnt handl one hurt small handl also becom hot pot worth essenti featur miss ,2020-12-10 17:15:47.846405,https://www.amazon.in/Cello-Non-Stick-Cavity-Appam-Stainless/dp/B08DRBCPBM/ref=cm_cr_arp_d_product_top?ie=UTF8
170,Nice product,  Value of money,0.0,2019-07-01,Nice product,Value of money,nice product ,valu money ,2020-12-10 17:15:47.846405,https://www.amazon.in/Cello-Non-Stick-Cavity-Appam-Stainless/dp/B08DRBCPBM/ref=cm_cr_arp_d_product_top?ie=UTF8
171,Quality not good,  Very light weight product. Quality not good,1.0,2019-06-28,Quality not good,Very light weight product. Quality not good,qualiti good ,light weight product qualiti good ,2020-12-10 17:15:47.846405,https://www.amazon.in/Cello-Non-Stick-Cavity-Appam-Stainless/dp/B08DRBCPBM/ref=cm_cr_arp_d_product_top?ie=UTF8
172,Wonderful,  Very nice product,0.0,2019-06-27,Wonderful,Very nice product,wonder ,nice product ,2020-12-10 17:15:47.846405,https://www.amazon.in/Cello-Non-Stick-Cavity-Appam-Stainless/dp/B08DRBCPBM/ref=cm_cr_arp_d_product_top?ie=UTF8
173,Excellent product,  OMG I had bought so many Co but had to return theme but this cello brand is the best one .super doper item must buy I am very satisfied  and very happy to buy excellent  product üëç,0.0,2019-06-25,Excellent product,OMG I had bought so many Co but had to return theme but this cello brand is the best one .super doper item must buy I am very satisfied and very happy to buy excellent product,excel product ,omg bought mani co return theme cello brand best one super doper item must buy satisfi happi buy excel product ,2020-12-10 17:15:47.846405,https://www.amazon.in/Cello-Non-Stick-Cavity-Appam-Stainless/dp/B08DRBCPBM/ref=cm_cr_arp_d_product_top?ie=UTF8
174,Good product,  Good product,4.0,2019-06-19,Good product,Good product,good product ,good product ,2020-12-10 17:15:47.846405,https://www.amazon.in/Cello-Non-Stick-Cavity-Appam-Stainless/dp/B08DRBCPBM/ref=cm_cr_arp_d_product_top?ie=UTF8
175,Its OMG,  I just loved it......guys just go ahead and buy it...... really it an amazing nd super duper product and same as shown......ü§òü§©ü§òü§©ü§òü§©ü§ò,0.0,2019-06-18,Its OMG,I just loved it......guys just go ahead and buy it...... really it an amazing nd super duper product and same as,omg ,love itguy go ahead buy realli amaz nd super duper product ,2020-12-10 17:15:47.846405,https://www.amazon.in/Cello-Non-Stick-Cavity-Appam-Stainless/dp/B08DRBCPBM/ref=cm_cr_arp_d_product_top?ie=UTF8
